"name","age","gender","primary_news_interest","secondary_news_interrest","job","description"
"Richard Crowley","46","Male","Public Health","Dance","Web Developer","Richard is a detail-oriented individual who follows the news closely, particularly in relation to public health. He is always keen to learn about the latest developments in healthcare, medical research, and health policies. Richard spends about 2 hours every morning reading through various news websites and health blogs, and often listens to health-related podcasts during his commute to work. 

Apart from public health, Richard has a deep interest in dance. He enjoys reading dance reviews, interviews with dancers, and articles about the evolution of dance styles. He always keeps an eye out for news about dance performances in his city and often attends performances in his spare time.

As a web developer, Richard appreciates the importance of staying updated with the latest trends. He uses news updates not only to expand his knowledge but also to stimulate his creativity and problem-solving skills. His job also involves a lot of research, so he has a knack for verifying information from different sources. He believes that staying informed about the world is essential for personal growth and being a responsible citizen."
"Oliver Bennett","33","Male","Public Health","Dance","Speech Therapist","Oliver Bennett is a highly driven individual with a keen interest in the world around him, especially in public health. Being a speech therapist, he appreciates the importance of effective communication and remains consistently updated with the latest news to stay informed about global health trends, policies, and breakthroughs. 

His news consumption is a blend of traditional and digital sources. He starts his day with a cup of coffee and a print newspaper, focusing on the health section. Throughout the day, Oliver uses news apps and websites to stay updated, often listening to health-based podcasts during his commute. He follows several public health experts and organizations on social media and relies on curated newsletters for a comprehensive weekly digest.

Apart from his interest in public health, Oliver is also passionate about dance. He follows dance news, especially contemporary and ballet, and enjoys reading profiles of dancers and choreographers. He often attends local dance performances and considers this as a way to unwind and find inspiration.

Oliver follows news not just for personal interest or professional growth but also for his role as a speech therapist. He believes staying informed helps him understand the broader context in which he works and enables him to provide better support to his patients."
"Benjamin Adler","24","Male","Public Health","Dance","Stockbroker","Benjamin Adler, a 24-year-old stockbroker, is an avid follower of news, especially in the realm of public health. He believes that staying informed about health-related issues is not only beneficial for his personal well-being but also crucial in understanding the global markets he works in. Every morning, he starts his day by browsing through various news portals online, focusing primarily on health-related topics. He's particularly interested in the impact of public health policies and the development of health technologies.

Despite his serious primary interest, Benjamin has a lighter side too. He has a passion for dance and often follows dance news as his secondary interest. He appreciates the artistry and athleticism involved in this form of expression. He often attends ballet and contemporary dance performances during his leisure time, and he follows dance news to stay updated about upcoming performances and industry trends.

Benjamin follows news to stay informed and make educated decisions in both his professional and personal life. He appreciates the interconnectedness of world events and believes that understanding these connections help him excel in his job as a stockbroker."
"Ryan Sutherland","27","Male","Public Health","Dance","Dental Hygienist","Ryan Sutherland is a 27-year-old who has a keen interest in public health news. Working as a dental hygienist, he finds that keeping up-to-date with the latest health news, particularly surrounding public health policies and breakthroughs, helps him stay informed about his profession and its implications in the wider public health context. He regularly consumes news from reputed sources like The New York Times, The Guardian, and Reuters Health, and frequently participates in health-related webinars and forums to broaden his understanding.

Ryan's interest in dance comes as a secondary news interest. Having been an avid fan of contemporary dance since his teenage years, he loves immersing himself in the world of dance. He follows dance news and events through sources like Dance Magazine, and he keeps tabs on upcoming performances, reviews, and profiles of dancers in his local area and around the world.

Ryan's reasons for following news are twofold: professional and personal. Professionally, staying abreast of public health news allows him to be a more effective dental hygienist, as he can bring in his knowledge of broader health trends and issues into his practice. Personally, he enjoys being in the know about the dance community, which gives him a sense of connection and enjoyment. He appreciates the discipline, creativity, and beauty in dance"
"Charles Foster","62","Male","Law and Justice","Football","Butcher","Charles Foster is an extremely news-savvy individual with a keen interest in law and justice news. Every morning, he begins his day with a fresh cup of coffee and an in-depth read of his favorite newspaper, particularly the law and justice section. Charles has a deep respect for the law and is highly interested in ongoing court cases, new rulings, and law enforcement strategies.

While his job as a butcher keeps him busy, Charles always finds time throughout his day to stay updated. He values the role of news in society and believes it's crucial to be informed. He also has a portable radio in his butcher shop, which is often tuned to news channels.

When not engrossed in legal news, Charles has a secondary interest in football. He follows sports news, particularly during the football season, and enjoys reading up on his favorite teams and players. Additionally, he often uses the statistics and game predictions he reads about in his friendly betting pool with his friends. This interest in sports news adds a layer of enjoyment to his passion for football.

Charles follows news not only to stay informed but also to stimulate his mind and fuel conversations with his customers and friends. He believes that understanding the world helps him connect with people on a deeper level."
"Alexander (Alex) Newsome","25","Male","Law and Justice","Football","Journalist","Alex is a voracious consumer of news, particularly in the realm of law and justice. As a journalist, he feels a responsibility to stay current on the latest developments in legal matters, court decisions, and societal implications of justice-related issues. He subscribes to various law journals and frequently visits websites like The New York Times, BBC News, and The Guardian for their coverage of legal affairs.

In addition to his primary interest, Alex follows football news closely. Being a lifelong fan of the sport, he enjoys keeping up with his favorite teams and players, as well as the general state of the sport. He checks ESPN and other sports news websites daily and often watches live matches during his free time.

Alex follows the news not only for his job but also due to a deep-rooted interest in current affairs. He believes that staying informed about the world helps him to be a responsible citizen and to understand the context of his own life better. He often engages in discussions about news stories on social media, participates in local town hall meetings, and occasionally writes opinion pieces for his local newspaper."
"Harold Thompson","73","Male","Law and Justice","Football","Retired","Harold Thompson, a retired 73-year-old male, is an avid news reader with a particular interest in law and justice. Every morning, like clockwork, he sits down with a cup of coffee and his tablet to read through the latest legal news from reputable sources. He is especially drawn to Supreme Court decisions, high-profile trials, and law-related policy changes. His interest stems from his career as a lawyer, and he enjoys staying up-to-date with the field even after retirement.

In addition to his primary interest in law and justice, Harold also keeps a keen eye on football news. As a lifelong fan of the sport, he never misses an opportunity to read match analyses and player interviews. He also likes to follow the transfer market and speculate on the moves each team might make.

Harold believes that staying informed about current events helps him stay engaged and mentally active. This habit has also fueled many fascinating conversations with his friends and family, allowing him to share his insights and learn from others' perspectives."
"Noah Harrison","19","Male","Law and Justice","Football","Photographer","Noah Harrison is a young, dynamic individual with a keen interest in law and justice. He is an avid consumer of news and keeps himself updated with the latest happenings in the world. He is particularly drawn to news related to law, justice, and human rights, with a focus on issues of social justice and legal system reforms. He believes in the power of news to inform, educate, and spur social change.

As a photographer, Noah often works with news organizations and independent journalists, capturing important moments and events. His work gives him a unique perspective on the news, often seeing stories unfold in real time.

Apart from his primary interest, Noah is a big football fan and always stays updated about his favorite teams and players. He enjoys following major football events, player transfers, and game strategies. He often uses his photography skills to capture exciting moments during football matches.

Noah follows news through a mix of traditional and digital platforms. He prefers reading newspapers in the morning for detailed coverage, but throughout the day, he uses news apps and websites for quick updates. He also follows various news channels and journalists on social media platforms to get diverse viewpoints on the news. He believes that staying informed is crucial for making informed decisions and being an active participant in society."
"Harrison Beck","20","Male","Human Rights","Crime","Musician","Harrison is an active and engaged consumer of news. He has a profound interest in human rights issues around the world, subscribing to various online newspapers and blogs in order to follow developments in this area. He's particularly focused on issues of free speech, equality, and justice, and regularly contributes to online discussions on these topics. Crime news is his secondary interest, stemming from a keen interest in social justice and the workings of the judicial system.

As a musician, he often finds inspiration in the stories he reads, using them to inform his songwriting and performances. He follows the news religiously, checking first thing in the morning and last thing at night, and even subscribes to news push notifications on his phone so he's always up-to-date.

Harrison believes that being informed about the world is a crucial part of being a responsible citizen and a creative artist. He loves to discuss the news with his bandmates and friends, often initiating debates on human rights and crime-related topics. Despite his career in music, he often wonders if he might have been a journalist or lawyer in another life."
"Oliver Kendrick","24","Male","Human Rights","Crime","Art Director","Oliver Kendrick is a diligent news enthusiast with a deep-rooted interest in human rights and crime. As a young Art Director, he uses news as a source of inspiration for his work, aiming to convey powerful messages through his art pieces. He begins every morning by flipping through the pages of reputable newspapers like 'The Guardian,' 'The New York Times,' and 'The Washington Post.' He has a particular interest in human rights news, as he empathizes deeply with those affected by injustices and seeks to raise awareness and incite change through his art.

In addition to human rights, Oliver is intrigued by crime news, often finding the psychological and sociological aspects involved enlightening. He follows crime news not just on a local level, but also globally, providing him with a broader perspective of the world. Despite his busy schedule, he ensures to stay updated on the latest news events by subscribing to several digital news platforms and listening to news podcasts during his commute.

Oliver believes in the power of informed citizenship, which is why he actively encourages his colleagues and friends to stay updated with the news. His secondary interest includes sports and photography, which often serve as a creative outlet for him. With his keen interest in news and commitment to staying informed, Oliver represents the persona of an enlightened and socially conscious individual."
"Martin Lovell","52","Male","Human Rights","Crime","Dialysis Technician","Martin Lovell is a dedicated news enthusiast with a particular interest in human rights issues. He spends his spare time reading news articles, watching news broadcasts, and doing extensive research on human rights across the globe. He believes that being informed about human rights issues is not just a personal interest but a civic duty. He is also deeply interested in crime news, as he feels that understanding crime patterns can help him be more aware and safe in his community.

As a healthcare professional, Martin values accurate and updated information. He starts his day by reading the newspaper over a cup of coffee, and throughout the day, he keeps track of any news updates on his phone via various news apps. He also listens to news podcasts during his commute to and from the dialysis center where he works.

Martin often participates in local community meetings where he shares insights from his news findings and initiates discussions on human rights and crime-related issues. His dedication to his job as a Dialysis Technician is mirrored in his passion for staying informed and contributing to the community. He follows news not just to stay updated but also to contribute effectively to society."
"Arnold Thompson","48","Male","Human Rights","Crime","Zookeeper","Arnold is a dedicated zookeeper with a deep interest in global news, focusing on human rights and crime. His passion for these topics emerged from his love for animals and concern for their rights. This gradually expanded to encompass an interest in human rights as well. He spends at least 2 hours every day after work, staying updated with global and local news through various digital platforms and trusted print newspapers. 

In addition, Arnold also has a keen interest in crime-related news. As someone who values justice and safety, he finds it important to stay informed about the criminal activities that affect society. He follows crime news not only in his local area but also on a national and international level. 

Arnold follows news to stay informed and aware of the world around him. He believes that knowledge is power and staying updated about global affairs helps him make informed decisions and opinions. He often engages in discussions and debates about current events with his colleagues and friends. This not only allows him to broaden his horizon but also helps him understand different perspectives."
"Martin Donovan","53","Male","Insurance","Social Media","Bricklayer","Martin Donovan, a seasoned bricklayer, has a keen interest in staying updated with the latest news, especially related to the insurance sector. He believes that staying educated about the changes and trends in the insurance industry helps him make informed decisions when it comes to his personal and professional insurances. 

He begins his day by reading the paper with a strong cup of coffee. Throughout the day, he takes breaks to scroll through various news apps on his phone, always keeping an eye out for articles and updates about insurance policies, new insurance companies, and trends in the industry. 

Martin also has a secondary interest in news related to social media. He loves learning about the latest social media trends, updates, and controversies. He believes this knowledge helps him connect better with his children and understand the world they are growing up in. 

In his free time, Martin enjoys discussing his findings with his colleagues and online communities. He's often the go-to person for friends and family when it comes to insurance advice or understanding the latest social media trend. His interest in news extends beyond just a hobby, as he is often seen attending community meetings and seminars related to his areas of interest."
"Harrison Steele","40","Male","Insurance","Social Media","Demolition Worker","Harrison Steele is an avid news consumer, particularly interested in the insurance industry. His job as a demolition worker has made him appreciate the importance of insurance and risk management, and he's always keen on keeping up-to-date with the latest trends, regulations, and innovations in the field. He usually starts his day with a cup of coffee and the insurance news section of major business newspapers and online platforms. 

In addition, Harrison has a secondary interest in social media trends. He loves to understand the dynamics of social media platforms, their impact on society, and how they're being used for business, marketing, and even political campaigns. He often checks news about social media during his lunch breaks or while commuting to and from work, usually on his smartphone.

Harrison follows the news so closely because he believes that being informed helps him make better decisions both professionally and personally. He likes to stay ahead of the curve and feels that understanding the world around him gives him a sense of control and preparedness. In his free time, Harrison enjoys discussing recent news with his friends and colleagues, often sparking interesting debates and discussions."
"Ethan Donovan","21","Male","Insurance","Social Media","Software Developer","Ethan is a highly motivated software developer with a keen interest in the news, particularly in the insurance sector. This interest stemmed from his job, where he develops software solutions for insurance companies, and now he spends a significant part of his day staying updated with the latest trends, news, and regulations in this sector. He believes that being informed about the current happenings and changes in insurance helps him build better, more relevant software for his clients. 

Aside from his primary interest, Ethan is also heavily engaged in social media news. As a millennial, he keeps up with the latest advancements in digital platforms, new media trends and the impact of social media on society. He usually consumes news through digital platforms, and he prefers to read in-depth articles and watch related videos. 

Ethan appreciates being in the know about world events and likes to share his knowledge with his friends and colleagues. He is often the one to bring up the latest news during meetings and discussions, and he enjoys the intellectual stimulation that comes from understanding and discussing complex issues."
"Ronald Thompson","58","Male","Insurance","Social Media","Mechanic","Ronald Thompson, a 58-year-old mechanic, is a dedicated news enthusiast with a particular interest in insurance news. His profession has exposed him to the intricate world of insurance, fueling a passion for understanding the complex dynamics of the insurance industry. He believes that being informed about the latest trends and policies in insurance helps him make better decisions for his business and personal life.

Ronald starts his day by reading the insurance section of top newspapers and online news websites. He keenly follows news about insurance policies, regulatory changes, industry innovations, and market trends. He also subscribes to newsletters from leading insurance companies and industry experts, making sure he's always updated with the most recent information.

His secondary interest lies in social media news. Being an active user of various platforms, Ronald likes to stay informed about the latest updates, trends, and issues surrounding social media. He frequently checks news apps on his phone throughout the day for real-time updates and follows several news-related pages and groups on social media platforms.

Despite his busy schedule, Ronald devotes a significant portion of his day to news consumption because he believes in the importance of being informed. His interest in news extends beyond his personal and professional life, as he regularly participates in community gatherings and discussions about current news topics."
"Richard Sutherland","52","Male","Cybersecurity","Investments","Barber","Richard Sutherland, a 52-year-old barber, has a particular affinity for the news. His primary focus is on cybersecurity, an interest that stemmed from a desire to protect his small business and personal data in an ever-digitizing world. He spends a good portion of his mornings before opening his barbershop, skimming through various online news platforms and tech blogs to stay informed about the latest cyber threats, security patches, and digital trends.

In addition to cybersecurity, Richard also shows keen interest in investment news. As he plans for his future and retirement, he keeps a tab on the stock market movements, analyses, and expert advice. He regularly follows financial news on TV and subscribes to a couple of investment newsletters to understand where best to place his hard-earned money. 

Richard believes that staying informed about the news not only helps him safeguard his business and optimize his investments but also serves as a conversation starter with his diverse clientele. His ability to discuss current events and relevant topics adds depth to his customer interactions, making him a popular figure in his community."
"Oliver Bennett","28","Male","Cybersecurity","Investments","Butcher","Oliver Bennett is an intriguing man with a unique blend of interests. By day, he works as a butcher, skillfully carving and selling prime cuts of meat. But in his downtime, Oliver turns to his passion for news, particularly cybersecurity, and investments.

Oliver is a voracious consumer of news. He starts his day by scanning through the headlines on his mobile news apps before work. Throughout the day, he listens to various news podcasts and radio shows, always keeping an ear out for the latest in cybersecurity. He's especially interested in news about cyber attacks, data breaches, and new technologies designed to protect against these threats.

His interest in cybersecurity isn't purely academic. Oliver believes that understanding the latest trends in cybersecurity can help him protect his personal information and make smarter decisions online. He's also fascinated by the intersection of technology and society, and how one influences the other.

In addition to cybersecurity, Oliver also follows news about investments. He's always on the lookout for exciting investment opportunities and enjoys learning about new financial trends. He's particularly interested in how cybersecurity trends can impact investment decisions. 

Oliver follows news because he believes that staying informed is crucial in today's rapidly changing world. He enjoys being up-to-date with the latest developments and being able to engage in informed discussions with his friends and colleagues. He also believes"
"Harrison Greene","48","Male","Cybersecurity","Investments","Musician","Harrison Greene is a seasoned musician who has developed a keen interest in cybersecurity over the years. His job often involves working with digital platforms, and the increasing frequency of cyber-attacks in the music industry led him to start taking an interest in cybersecurity news. He wants to stay informed about the latest threats and preventive measures to protect his work and personal data.

In addition to cybersecurity, Harrison also follows the investment market. He is particularly interested in the tech sector, as it directly ties in with his primary interests. He wants to understand how cybersecurity trends can potentially influence the market value of tech companies. 

Harrison usually starts his day by skimming through the headlines on his favorite news apps while sipping his morning coffee. He spends about an hour each day delving into articles that catch his interest. During his lunch breaks and in the evenings, he often listens to news podcasts or watches news shows. In his free time, he also reads long-form articles and opinion pieces, especially those focusing on his areas of interest. 

Although his job as a musician is demanding, Harrison believes that staying informed about cybersecurity and investments helps him make smart decisions in his professional and personal life. His friends often rely on him for the latest updates in these areas, and he enjoys the intellectual discussions these topics spark."
"Harrison Fletcher","33","Male","Cybersecurity","Investments","Chiropractor","Harrison Fletcher is an avid news enthusiast with a particular interest in cybersecurity. As a chiropractor with a deep fascination for technology, he believes in staying informed about the latest breaches, vulnerabilities, and advancements in cybersecurity. He consumes news through a mix of digital and traditional platforms, preferring to start his day with a cup of coffee and a detailed read of the latest cybersecurity news in digital journals and blogs.

His secondary interest lies in investments, particularly in the tech sector. He regularly tracks market trends and analyses, which he often finds in financial newspapers and magazines. He is particularly interested in how cybersecurity events can impact the stock market. He believes that staying informed about these topics can help him make more informed investment decisions.

Harrison follows news not just to stay informed but also to indulge his fascination for the ever-evolving world of technology. He often engages in online discussions and forums, sharing his views and knowledge while also learning from others. He also attends webinars and conferences related to cybersecurity and investments whenever he can. He finds that these activities supplement his news reading and keep him in touch with the latest developments in his areas of interest."
